candidate_id,status,max_model_len,max_num_seqs,max_num_batched_tokens,batch_policy,risk_tier,load_skip_reason,token_budget_m,startup_seconds,kv_cache_tokens,reported_concurrency,system_memory_drop_gib,tegrastats_baseline_ram_used_gib,tegrastats_ram_delta_gib,tegrastats_max_ram_used_gib,tegrastats_max_temp_c,tegrastats_samples,tegrastats_gpu_field_seen,idle_memory_gib,idle_memory_peak_gib,load_memory_gib,load_memory_peak_gib,load_successes,load_errors,completion_tok_s,total_tok_s,latency_p50,latency_p95
ctx4096-seq1-match_context,load_complete,4096,1,4096,match_context,low,,0.004096,141.239,561917,137.19,82.526,8.296,82.029,90.325,62.0,154,False,3.851,10.841,3.872,10.841,1,0,18.139,529.721,3.527,3.527
ctx4096-seq1-small,load_complete,4096,1,4096,small,low,,0.004096,146.261,552933,134.99,82.519,8.209,82.239,90.448,70.1,158,False,4.877,12.022,4.887,12.022,1,0,23.626,689.961,2.708,2.708
ctx4096-seq2-match_context,load_complete,4096,2,4096,match_context,low,,0.008192,151.037,560963,136.95,81.467,8.271,82.113,90.385,67.6,163,False,3.954,10.988,3.979,10.988,2,0,40.938,1195.505,3.125,3.126
ctx4096-seq2-small,load_complete,4096,2,4096,small,low,,0.008192,146.327,561589,137.11,82.505,8.21,81.965,90.175,65.6,157,False,4.886,11.996,4.896,11.996,2,0,54.88,1602.681,2.332,2.332
ctx8192-seq1-match_context,load_complete,8192,1,8192,match_context,low,,0.008192,146.248,553475,67.56,81.356,8.098,81.362,89.46,65.0,158,False,3.827,10.99,3.852,10.99,1,0,18.202,531.545,3.516,3.516
ctx8192-seq1-small,load_complete,8192,1,8192,small,low,,0.008192,145.959,554111,67.64,82.152,8.086,81.524,89.61,70.3,157,False,5.398,12.058,5.408,12.058,1,0,23.945,699.256,2.672,2.672
ctx4096-seq4-match_context,load_complete,4096,4,4096,match_context,low,,0.016384,146.01,561615,137.11,81.444,8.123,82.23,90.354,65.3,158,False,4.259,10.958,4.217,10.958,4,0,75.107,2193.358,3.393,3.407
ctx4096-seq4-small,load_complete,4096,4,4096,small,low,,0.016384,142.474,562288,137.28,82.707,8.172,82.249,90.421,69.0,153,False,4.883,11.641,4.891,11.641,4,0,99.57,2907.749,2.537,2.564
ctx8192-seq2-match_context,load_complete,8192,2,8192,match_context,low,,0.016384,146.384,552578,67.45,82.254,8.199,81.302,89.501,71.5,158,False,4.42,11.151,4.447,11.151,2,0,40.408,1180.034,3.141,3.141
ctx8192-seq2-small,load_complete,8192,2,8192,small,low,,0.016384,140.91,552479,67.44,81.531,8.115,81.42,89.535,69.3,152,False,3.834,10.837,3.842,10.837,2,0,56.309,1644.394,2.272,2.273
ctx16384-seq1-match_context,load_complete,16384,1,16384,match_context,low,,0.016384,146.062,533629,32.57,79.552,8.168,79.968,88.136,69.0,158,False,3.807,10.884,3.829,10.884,1,0,17.991,525.399,3.557,3.557
ctx16384-seq1-small,load_complete,16384,1,8192,small,low,,0.016384,145.962,919235,56.11,82.348,8.279,81.422,89.701,65.4,158,False,4.184,10.89,4.207,10.89,1,0,18.081,528.028,3.539,3.539
ctx4096-seq8-match_context,load_complete,4096,8,4096,match_context,medium,,0.032768,147.442,562659,137.37,82.215,8.26,82.148,90.408,64.7,159,False,4.009,10.93,4.057,10.93,8,0,146.153,4268.125,3.5,3.502
ctx4096-seq8-small,load_complete,4096,8,4096,small,medium,,0.032768,141.017,563346,137.54,81.597,8.201,82.372,90.573,66.1,152,False,4.069,10.899,4.11,10.899,8,0,195.364,5705.24,2.604,2.618
ctx8192-seq4-match_context,load_complete,8192,4,8192,match_context,low,,0.032768,146.002,552424,67.43,82.292,8.257,81.35,89.606,68.4,158,False,4.564,11.212,4.587,11.212,4,0,75.172,2195.25,3.391,3.404
ctx8192-seq4-small,load_complete,8192,4,8192,small,low,,0.032768,140.92,552839,67.49,81.531,8.195,81.421,89.616,71.9,153,False,3.868,10.837,3.898,10.837,4,0,78.069,2279.859,3.277,3.278
ctx16384-seq2-match_context,load_complete,16384,2,16384,match_context,low,,0.032768,145.99,532362,32.49,80.074,8.177,79.917,88.094,68.5,158,False,3.9,10.884,3.955,10.884,2,0,32.591,951.748,3.909,3.924
ctx16384-seq2-small,load_complete,16384,2,8192,small,low,,0.032768,146.069,915594,55.88,81.231,8.255,81.126,89.381,65.5,158,False,3.856,10.837,3.882,10.837,2,0,40.452,1181.326,3.145,3.145
ctx32768-seq1-match_context,load_complete,32768,1,32768,match_context,medium,,0.032768,145.975,497039,15.17,77.431,8.173,77.128,85.301,72.3,158,False,4.003,11.025,4.025,11.025,1,0,18.017,526.154,3.552,3.552
ctx32768-seq1-small,load_complete,32768,1,8192,small,medium,,0.032768,140.948,1598347,48.78,81.492,8.242,81.396,89.638,72.2,153,False,3.905,10.837,3.927,10.837,1,0,18.371,536.501,3.483,3.483
ctx4096-seq16-match_context,load_complete,4096,16,4096,match_context,medium,,0.065536,151.075,560320,136.8,81.539,8.193,82.035,90.229,66.6,164,False,4.144,10.991,4.141,10.991,16,0,221.812,6477.595,4.611,4.613
ctx4096-seq16-small,load_complete,4096,16,4096,small,medium,,0.065536,141.96,556948,135.97,81.637,8.19,81.847,90.037,65.8,154,False,4.019,11.005,4.078,11.005,16,0,283.262,8272.122,3.609,3.613
ctx8192-seq8-match_context,load_complete,8192,8,8192,match_context,medium,,0.065536,151.143,553028,67.51,81.852,8.263,81.39,89.652,65.6,163,False,4.082,10.943,4.133,10.943,8,0,147.577,4309.712,3.465,3.466
ctx8192-seq8-small,load_complete,8192,8,8192,small,medium,,0.065536,141.444,554854,67.73,82.429,8.287,81.485,89.772,65.7,152,False,3.7,10.846,3.741,10.846,8,0,195.998,5723.746,2.582,2.609
ctx16384-seq4-match_context,load_complete,16384,4,16384,match_context,low,,0.065536,146.91,534388,32.62,80.281,8.229,80.117,88.346,67.3,159,False,3.939,10.884,3.963,10.884,4,0,75.952,2218.049,3.355,3.369
ctx16384-seq4-small,load_complete,16384,4,8192,small,low,,0.065536,145.983,921671,56.25,81.089,8.382,81.155,89.537,72.9,157,False,3.957,10.821,3.92,10.821,4,0,80.703,2356.778,3.167,3.168
ctx32768-seq2-match_context,load_complete,32768,2,32768,match_context,medium,,0.065536,145.978,496399,15.15,78.424,8.185,77.275,85.46,69.1,157,False,4.251,11.091,4.277,11.091,2,0,41.603,1214.93,3.076,3.076
ctx32768-seq2-small,load_complete,32768,2,8192,small,medium,,0.065536,146.022,1590023,48.52,81.217,8.394,81.115,89.509,68.8,158,False,3.977,10.895,4.033,10.895,2,0,32.064,936.373,3.974,3.989
ctx65536-seq1-match_context,load_complete,65536,1,65536,match_context,medium,,0.065536,151.228,415174,6.34,71.202,8.261,70.658,78.919,66.7,163,False,4.23,11.262,4.248,11.262,1,0,18.496,540.14,3.46,3.46
ctx65536-seq1-small,load_complete,65536,1,8192,small,medium,,0.065536,145.992,2512740,38.34,80.953,8.322,81.414,89.736,67.9,158,False,3.867,10.838,3.89,10.838,1,0,17.792,519.585,3.596,3.596
ctx4096-seq24-match_context,startup_only,4096,24,4096,match_context,high,risk_guard(high),0.098304,151.768,564474,137.81,83.205,8.707,82.141,90.848,74.6,160,False,3.864,10.807,,,,,,,,
ctx4096-seq24-small,startup_only,4096,24,4096,small,high,risk_guard(high),0.098304,141.406,562383,137.3,81.81,8.326,82.075,90.401,65.6,150,False,4.05,11.053,,,,,,,,
ctx98304-seq1-match_context,load_complete,98304,1,98304,match_context,medium,,0.098304,161.518,322675,3.28,64.975,8.372,63.07,71.442,74.5,173,False,4.916,11.857,4.935,11.857,1,0,18.362,536.231,3.485,3.485
ctx98304-seq1-small,load_complete,98304,1,8192,small,medium,,0.098304,146.196,3138219,31.92,81.316,8.41,81.261,89.671,72.9,158,False,3.835,10.821,3.858,10.821,1,0,18.108,528.813,3.534,3.534
ctx100000-seq1-match_context,startup_only,100000,1,100000,match_context,high,risk_guard(high),0.1,161.152,326442,3.26,64.554,8.315,63.616,71.932,72.0,169,False,4.845,11.81,,,,,,,,
ctx100000-seq1-small,startup_only,100000,1,8192,small,high,risk_guard(high),0.1,145.953,3173926,31.74,80.966,8.559,81.089,89.647,67.2,154,False,3.906,10.836,,,,,,,,
ctx4096-seq32-match_context,startup_only,4096,32,4096,match_context,high,risk_guard(high),0.131072,151.629,561166,137.0,82.913,8.343,82.062,90.405,71.9,160,False,3.903,10.806,,,,,,,,
ctx4096-seq32-small,startup_only,4096,32,4096,small,high,risk_guard(high),0.131072,146.083,561340,137.05,81.815,8.335,82.049,90.384,71.1,154,False,3.957,10.914,,,,,,,,
ctx8192-seq16-match_context,load_complete,8192,16,8192,match_context,medium,,0.131072,151.033,551294,67.3,82.556,8.308,81.579,89.887,71.8,164,False,4.015,10.882,4.076,10.882,16,0,227.39,6640.503,4.498,4.501
ctx8192-seq16-small,load_complete,8192,16,8192,small,medium,,0.131072,141.425,552546,67.45,81.431,8.374,81.364,89.738,68.8,153,False,3.723,10.821,3.769,10.821,16,0,361.593,10559.65,2.826,2.83
ctx16384-seq8-match_context,load_complete,16384,8,16384,match_context,medium,,0.131072,145.977,534577,32.63,79.219,8.33,79.904,88.234,72.0,159,False,3.76,10.9,3.763,10.9,8,0,114.934,3356.43,4.45,4.453
ctx16384-seq8-small,load_complete,16384,8,8192,small,medium,,0.131072,147.042,918323,56.05,82.485,8.297,81.547,89.844,71.2,160,False,4.009,10.931,4.065,10.931,8,0,118.379,3457.028,4.322,4.324
ctx32768-seq4-match_context,load_complete,32768,4,32768,match_context,medium,,0.131072,151.25,496306,15.15,77.393,8.372,77.107,85.479,66.7,163,False,4.061,11.01,4.084,11.01,4,0,80.948,2363.931,3.137,3.137
ctx32768-seq4-small,load_complete,32768,4,8192,small,medium,,0.131072,146.267,1601524,48.87,81.779,8.415,81.651,90.066,66.4,158,False,3.977,10.837,4.001,10.837,4,0,81.101,2368.397,3.139,3.14
ctx65536-seq2-match_context,load_complete,65536,2,65536,match_context,medium,,0.131072,151.173,411856,6.28,71.027,8.356,70.492,78.849,68.5,162,False,4.262,11.262,4.285,11.262,2,0,41.193,1202.955,3.107,3.107
ctx65536-seq2-small,load_complete,65536,2,8192,small,medium,,0.131072,145.993,2522239,38.49,80.744,8.466,81.216,89.682,71.8,158,False,3.921,10.821,3.975,10.821,2,0,32.064,936.36,3.974,3.99
ctx131072-seq1-match_context,startup_only,131072,1,131072,match_context,high,risk_guard(high),0.131072,166.777,256009,1.95,60.58,8.422,59.826,68.248,75.9,175,False,4.621,11.791,,,,,,,,
ctx131072-seq1-small,startup_only,131072,1,8192,small,high,risk_guard(high),0.131072,146.183,3567219,27.22,81.704,8.521,80.793,89.314,69.7,154,False,4.428,11.219,,,,,,,,
ctx8192-seq24-match_context,startup_only,8192,24,8192,match_context,high,risk_guard(high),0.196608,151.608,547316,66.81,80.974,8.296,80.899,89.195,69.5,160,False,3.89,10.837,,,,,,,,
ctx8192-seq24-small,startup_only,8192,24,8192,small,high,risk_guard(high),0.196608,141.2,552708,67.47,81.396,8.349,81.312,89.661,66.9,149,False,3.748,10.822,,,,,,,,
ctx98304-seq2-match_context,load_complete,98304,2,98304,match_context,medium,,0.196608,161.212,331165,3.37,65.079,8.387,64.045,72.432,72.4,173,False,4.758,11.768,4.809,11.768,2,0,32.502,949.154,3.92,3.935
ctx98304-seq2-small,load_complete,98304,2,8192,small,medium,,0.196608,145.966,3130116,31.84,81.33,8.418,81.244,89.662,71.1,158,False,3.919,10.821,3.974,10.821,2,0,32.139,938.548,3.965,3.98
ctx196608-seq1-match_context,startup_service_exit,196608,1,196608,match_context,extreme,,0.196608,125.889,,,43.354,8.396,49.978,58.374,65.6,127,False,,,,,,,,,,
ctx196608-seq1-small,startup_only,196608,1,8192,small,extreme,risk_guard(extreme),0.196608,146.121,4145012,21.08,81.411,8.356,81.294,89.65,65.4,154,False,3.886,10.821,,,,,,,,
ctx100000-seq2-match_context,startup_only,100000,2,100000,match_context,high,risk_guard(high),0.2,156.2,327611,3.28,64.483,8.467,63.459,71.926,68.1,164,False,4.743,11.784,,,,,,,,
ctx100000-seq2-small,startup_only,100000,2,8192,small,high,risk_guard(high),0.2,145.954,3155207,31.55,81.05,8.412,80.988,89.4,66.6,154,False,3.919,10.82,,,,,,,,
ctx8192-seq32-match_context,startup_only,8192,32,8192,match_context,high,risk_guard(high),0.262144,156.511,550824,67.24,81.151,8.312,81.124,89.436,66.6,165,False,3.846,10.838,,,,,,,,
ctx8192-seq32-small,startup_only,8192,32,8192,small,high,risk_guard(high),0.262144,140.971,552700,67.47,81.365,8.312,81.269,89.58,65.0,149,False,3.718,10.821,,,,,,,,
ctx16384-seq16-match_context,load_complete,16384,16,16384,match_context,medium,,0.262144,150.975,533051,32.53,80.14,8.309,79.97,88.278,70.9,164,False,3.842,10.9,3.903,10.9,16,0,224.513,6556.476,4.555,4.558
ctx16384-seq16-small,load_complete,16384,16,8192,small,medium,,0.262144,145.966,914364,55.81,80.938,8.319,81.149,89.469,67.3,159,False,3.842,10.82,3.903,10.82,16,0,228.173,6663.368,4.482,4.486
ctx32768-seq8-match_context,load_complete,32768,8,32768,match_context,medium,,0.262144,151.067,497428,15.18,78.478,8.287,77.321,85.608,65.6,162,False,3.872,11.01,3.897,11.01,8,0,159.781,4666.109,3.202,3.203
ctx32768-seq8-small,load_complete,32768,8,8192,small,medium,,0.262144,146.653,1598934,48.8,81.503,8.37,81.419,89.789,66.3,158,False,3.833,10.836,3.884,10.836,8,0,149.685,4371.262,3.397,3.417
ctx65536-seq4-match_context,load_complete,65536,4,65536,match_context,medium,,0.262144,156.124,414145,6.32,71.255,8.298,70.71,79.008,67.6,168,False,4.303,11.263,4.322,11.263,4,0,75.176,2195.364,3.39,3.404
ctx65536-seq4-small,load_complete,65536,4,8192,small,medium,,0.262144,145.951,2531127,38.62,81.209,8.399,81.294,89.693,70.9,158,False,3.974,10.836,3.936,10.836,4,0,76.715,2240.319,3.323,3.336
ctx131072-seq2-match_context,startup_only,131072,2,131072,match_context,high,risk_guard(high)+capacity_guard,0.262144,166.562,251108,1.92,60.77,8.248,59.897,68.146,72.0,175,False,4.746,11.805,,,,,,,,
ctx131072-seq2-small,startup_only,131072,2,8192,small,high,risk_guard(high),0.262144,146.182,3564647,27.2,82.331,8.422,81.407,89.829,72.3,154,False,4.393,11.163,,,,,,,,
ctx262144-seq1-match_context,startup_service_exit,262144,1,262144,match_context,extreme,,0.262144,125.823,,,61.142,8.914,59.584,68.498,69.8,127,False,,,,,,,,,,
ctx262144-seq1-small,startup_only,262144,1,8192,small,extreme,risk_guard(extreme),0.262144,145.986,4513434,17.22,81.181,8.523,81.146,89.67,63.5,154,False,3.886,10.82,,,,,,,,
ctx16384-seq24-match_context,startup_only,16384,24,16384,match_context,high,risk_guard(high),0.393216,151.069,532339,32.49,79.878,8.399,79.789,88.188,65.3,159,False,3.878,10.902,,,,,,,,
ctx16384-seq24-small,startup_only,16384,24,8192,small,high,risk_guard(high),0.393216,151.873,914769,55.83,81.183,8.495,81.187,89.682,65.4,160,False,3.876,10.823,,,,,,,,
ctx98304-seq4-match_context,startup_only,98304,4,98304,match_context,medium,capacity_guard,0.393216,156.484,330801,3.37,64.764,8.51,63.738,72.248,70.4,165,False,4.784,11.786,,,,,,,,
ctx98304-seq4-small,load_complete,98304,4,8192,small,medium,,0.393216,146.092,3142873,31.97,81.086,8.449,81.483,89.933,65.6,158,False,3.914,10.839,3.946,10.839,4,0,63.555,1856.014,4.027,4.027
ctx196608-seq2-match_context,startup_service_exit,196608,2,196608,match_context,extreme,,0.393216,125.823,,,50.873,8.451,50.26,58.711,66.1,127,False,,,,,,,,,,
ctx196608-seq2-small,startup_only,196608,2,8192,small,extreme,risk_guard(extreme),0.393216,146.268,4133253,21.02,81.76,8.75,80.812,89.562,67.9,155,False,4.206,10.979,,,,,,,,
ctx100000-seq4-match_context,startup_only,100000,4,100000,match_context,high,risk_guard(high)+capacity_guard,0.4,161.28,327923,3.28,64.57,8.51,63.624,72.134,72.5,169,False,4.816,11.786,,,,,,,,
ctx100000-seq4-small,startup_only,100000,4,8192,small,high,risk_guard(high),0.4,141.872,3146688,31.47,81.488,8.513,81.395,89.907,72.5,150,False,3.974,10.839,,,,,,,,
ctx16384-seq32-match_context,startup_only,16384,32,16384,match_context,high,risk_guard(high),0.524288,151.096,533960,32.59,79.942,8.622,79.779,88.401,67.4,159,False,3.908,10.902,,,,,,,,
ctx16384-seq32-small,startup_only,16384,32,8192,small,high,risk_guard(high),0.524288,151.129,916703,55.95,81.35,8.564,81.264,89.828,71.9,159,False,3.922,10.839,,,,,,,,
ctx32768-seq16-match_context,startup_only,32768,16,32768,match_context,medium,capacity_guard,0.524288,151.058,494584,15.09,77.203,8.494,76.909,85.403,67.0,159,False,3.951,11.011,,,,,,,,
ctx32768-seq16-small,load_complete,32768,16,8192,small,medium,,0.524288,146.943,1592496,48.6,80.849,8.495,81.278,89.773,67.7,160,False,3.845,10.822,3.907,10.822,16,0,222.045,6484.4,4.606,4.608
ctx65536-seq8-match_context,startup_only,65536,8,65536,match_context,medium,capacity_guard,0.524288,161.161,414755,6.33,71.235,8.465,70.732,79.197,73.2,169,False,4.097,11.285,,,,,,,,
ctx65536-seq8-small,load_complete,65536,8,8192,small,medium,,0.524288,147.134,2532854,38.65,82.375,8.573,81.439,90.013,65.4,159,False,4.019,10.93,4.071,10.93,8,0,147.757,4314.963,3.462,3.464
ctx131072-seq4-match_context,startup_only,131072,4,131072,match_context,high,risk_guard(high)+capacity_guard,0.524288,161.255,253598,1.93,60.612,8.5,59.582,68.082,79.1,169,False,4.754,11.774,,,,,,,,
ctx131072-seq4-small,startup_only,131072,4,8192,small,high,risk_guard(high),0.524288,146.161,3578729,27.3,81.33,8.549,81.33,89.879,72.8,154,False,3.959,10.823,,,,,,,,
ctx262144-seq2-match_context,startup_service_exit,262144,2,262144,match_context,extreme,,0.524288,125.825,,,60.74,8.469,60.534,69.003,65.1,127,False,,,,,,,,,,
ctx262144-seq2-small,startup_only,262144,2,8192,small,extreme,risk_guard(extreme),0.524288,141.168,4506382,17.19,81.044,8.692,81.06,89.752,72.3,150,False,3.922,10.823,,,,,,,,
ctx32768-seq24-match_context,startup_only,32768,24,32768,match_context,high,risk_guard(high)+capacity_guard,0.786432,151.079,492781,15.04,76.904,8.445,76.727,85.172,65.4,159,False,3.986,11.014,,,,,,,,
ctx32768-seq24-small,startup_only,32768,24,8192,small,high,risk_guard(high),0.786432,146.023,1596159,48.71,81.298,8.477,81.248,89.725,65.4,154,False,3.881,10.824,,,,,,,,
ctx98304-seq8-match_context,startup_only,98304,8,98304,match_context,medium,capacity_guard,0.786432,161.111,332980,3.39,65.19,8.448,64.291,72.739,77.1,169,False,4.662,11.772,,,,,,,,
ctx98304-seq8-small,load_complete,98304,8,8192,small,medium,,0.786432,146.028,3138301,31.92,80.871,8.546,81.183,89.729,66.5,158,False,3.823,10.825,3.873,10.825,8,0,147.571,4309.531,3.466,3.468
ctx196608-seq4-match_context,startup_service_exit,196608,4,196608,match_context,extreme,,0.786432,130.934,,,32.21,8.467,50.288,58.755,72.3,132,False,,,,,,,,,,
ctx196608-seq4-small,startup_only,196608,4,8192,small,extreme,risk_guard(extreme),0.786432,146.879,4152786,21.12,82.218,8.645,81.27,89.914,67.4,155,False,4.431,11.164,,,,,,,,
ctx100000-seq8-match_context,startup_only,100000,8,100000,match_context,high,risk_guard(high)+capacity_guard,0.8,161.237,328478,3.28,64.597,8.66,63.548,72.208,67.6,169,False,4.631,11.772,,,,,,,,
ctx100000-seq8-small,startup_only,100000,8,8192,small,high,risk_guard(high),0.8,151.399,3169334,31.69,81.397,8.407,81.337,89.744,71.5,160,False,3.838,10.841,,,,,,,,
ctx32768-seq32-match_context,startup_only,32768,32,32768,match_context,high,risk_guard(high)+capacity_guard,1.048576,156.057,494160,15.08,77.272,8.426,76.983,85.409,65.3,164,False,4.018,11.014,,,,,,,,
ctx32768-seq32-small,startup_only,32768,32,8192,small,high,risk_guard(high),1.048576,151.027,1588942,48.49,81.105,8.558,81.099,89.656,70.6,159,False,3.925,10.841,,,,,,,,
ctx65536-seq16-match_context,startup_only,65536,16,65536,match_context,high,risk_guard(high)+capacity_guard,1.048576,156.156,414860,6.33,71.288,8.504,70.745,79.249,69.7,164,False,4.214,11.283,,,,,,,,
ctx65536-seq16-small,startup_only,65536,16,8192,small,high,risk_guard(high),1.048576,146.233,2508648,38.28,80.863,8.552,80.791,89.343,66.0,154,False,3.866,10.841,,,,,,,,
ctx131072-seq8-match_context,startup_only,131072,8,131072,match_context,extreme,risk_guard(extreme)+capacity_guard,1.048576,171.382,255776,1.95,60.605,8.474,59.892,68.365,75.6,179,False,4.648,11.776,,,,,,,,
ctx131072-seq8-small,startup_only,131072,8,8192,small,extreme,risk_guard(extreme),1.048576,145.984,3562056,27.18,81.021,8.52,80.894,89.413,69.8,154,False,3.839,10.84,,,,,,,,
ctx262144-seq4-match_context,startup_service_exit,262144,4,262144,match_context,extreme,,1.048576,176.307,,,65.911,8.46,64.256,72.716,72.6,178,False,,,,,,,,,,
ctx262144-seq4-small,startup_only,262144,4,8192,small,extreme,risk_guard(extreme),1.048576,176.27,4536343,17.3,81.462,9.275,81.77,91.045,69.7,185,False,4.058,10.825,,,,,,,,
ctx65536-seq24-match_context,startup_only,65536,24,65536,match_context,high,risk_guard(high)+capacity_guard,1.572864,191.498,414613,6.33,71.162,8.582,70.622,79.204,72.0,200,False,4.376,11.299,,,,,,,,
ctx65536-seq24-small,startup_only,65536,24,8192,small,high,risk_guard(high),1.572864,181.644,2532203,38.64,82.181,8.69,81.931,90.621,69.5,190,False,3.938,10.845,,,,,,,,
ctx98304-seq16-match_context,startup_only,98304,16,98304,match_context,high,risk_guard(high)+capacity_guard,1.572864,196.433,334149,3.4,65.413,8.459,64.353,72.812,69.7,205,False,4.814,11.83,,,,,,,,
ctx98304-seq16-small,startup_only,98304,16,8192,small,high,risk_guard(high),1.572864,181.183,3134341,31.88,82.746,8.564,81.795,90.359,69.2,189,False,4.843,11.578,,,,,,,,
ctx196608-seq8-match_context,startup_service_exit,196608,8,196608,match_context,extreme,,1.572864,171.189,,,39.33,8.493,51.828,60.321,68.2,173,False,,,,,,,,,,
ctx196608-seq8-small,startup_only,196608,8,8192,small,extreme,risk_guard(extreme),1.572864,176.258,4145447,21.08,81.999,8.612,81.902,90.515,67.8,185,False,3.922,10.829,,,,,,,,
ctx100000-seq16-match_context,startup_only,100000,16,100000,match_context,extreme,risk_guard(extreme)+capacity_guard,1.6,201.681,329979,3.3,64.863,8.6,63.938,72.537,69.5,210,False,4.789,11.778,,,,,,,,
ctx100000-seq16-small,startup_only,100000,16,8192,small,extreme,risk_guard(extreme),1.6,181.363,3163643,31.64,82.002,8.541,81.908,90.449,66.4,190,False,3.949,10.828,,,,,,,,
ctx65536-seq32-match_context,startup_only,65536,32,65536,match_context,high,risk_guard(high)+capacity_guard,2.097152,196.478,414523,6.33,71.121,8.557,70.729,79.286,69.1,205,False,4.365,11.274,,,,,,,,
ctx65536-seq32-small,startup_only,65536,32,8192,small,high,risk_guard(high),2.097152,181.255,2518745,38.43,81.846,8.582,81.83,90.412,71.1,189,False,3.946,10.846,,,,,,,,
ctx131072-seq16-match_context,startup_only,131072,16,131072,match_context,extreme,risk_guard(extreme)+capacity_guard,2.097152,206.687,253583,1.93,59.456,8.506,58.023,66.529,70.0,215,False,4.939,11.867,,,,,,,,
ctx131072-seq16-small,startup_only,131072,16,8192,small,extreme,risk_guard(extreme),2.097152,177.241,3566168,27.21,82.231,8.594,81.75,90.344,72.1,186,False,3.96,10.83,,,,,,,,
ctx262144-seq8-match_context,startup_service_exit,262144,8,262144,match_context,extreme,,2.097152,176.362,,,65.823,8.562,61.781,70.344,71.5,178,False,,,,,,,,,,
ctx262144-seq8-small,startup_only,262144,8,8192,small,extreme,risk_guard(extreme),2.097152,176.17,4501483,17.17,81.606,8.592,81.753,90.345,67.7,184,False,3.929,10.832,,,,,,,,
ctx98304-seq24-match_context,startup_only,98304,24,98304,match_context,high,risk_guard(high)+capacity_guard,2.359296,196.523,333873,3.4,65.547,8.562,64.749,73.312,78.3,205,False,4.816,11.793,,,,,,,,
ctx98304-seq24-small,startup_only,98304,24,8192,small,high,risk_guard(high),2.359296,181.249,3137625,31.92,82.975,8.88,82.14,91.02,80.0,190,False,4.954,11.651,,,,,,,,
ctx100000-seq24-match_context,startup_only,100000,24,100000,match_context,extreme,risk_guard(extreme)+capacity_guard,2.4,196.593,326579,3.27,64.61,8.709,63.688,72.397,74.6,205,False,4.812,11.799,,,,,,,,
ctx100000-seq24-small,startup_only,100000,24,8192,small,extreme,risk_guard(extreme),2.4,181.242,3154908,31.55,81.639,8.664,81.767,90.431,73.8,190,False,3.953,10.848,,,,,,,,
ctx98304-seq32-match_context,startup_only,98304,32,98304,match_context,high,risk_guard(high)+capacity_guard,3.145728,196.426,330482,3.36,65.084,8.642,64.051,72.692,74.3,205,False,4.856,11.853,,,,,,,,
ctx98304-seq32-small,startup_only,98304,32,8192,small,high,risk_guard(high)+capacity_guard,3.145728,181.333,3138070,31.92,83.055,8.685,82.118,90.803,68.9,190,False,4.989,11.656,,,,,,,,
ctx131072-seq24-match_context,startup_only,131072,24,131072,match_context,extreme,risk_guard(extreme)+capacity_guard,3.145728,206.726,255878,1.95,59.131,8.657,58.248,66.905,73.0,215,False,4.809,11.806,,,,,,,,
ctx131072-seq24-small,startup_only,131072,24,8192,small,extreme,risk_guard(extreme),3.145728,181.878,3573547,27.26,82.247,8.612,82.174,90.786,67.9,190,False,4.002,10.837,,,,,,,,
ctx196608-seq16-match_context,startup_service_exit,196608,16,196608,match_context,extreme,,3.145728,166.331,,,46.914,8.576,54.023,62.6,70.3,168,False,,,,,,,,,,
ctx196608-seq16-small,startup_only,196608,16,8192,small,extreme,risk_guard(extreme),3.145728,176.608,4140265,21.06,81.85,8.703,81.908,90.611,68.6,185,False,3.986,10.853,,,,,,,,
ctx100000-seq32-match_context,startup_only,100000,32,100000,match_context,extreme,risk_guard(extreme)+capacity_guard,3.2,206.695,329749,3.3,65.023,8.683,64.007,72.689,71.2,215,False,4.864,11.787,,,,,,,,
ctx100000-seq32-small,startup_only,100000,32,8192,small,extreme,risk_guard(extreme)+capacity_guard,3.2,181.231,3143843,31.44,81.877,8.683,81.796,90.479,67.6,190,False,4.048,10.853,,,,,,,,
ctx131072-seq32-match_context,startup_only,131072,32,131072,match_context,extreme,risk_guard(extreme)+capacity_guard,4.194304,206.562,255962,1.95,59.387,8.603,58.5,67.103,74.3,215,False,4.856,11.811,,,,,,,,
ctx131072-seq32-small,startup_only,131072,32,8192,small,extreme,risk_guard(extreme)+capacity_guard,4.194304,181.972,3566713,27.21,81.249,8.674,82.09,90.764,73.8,190,False,4.061,10.859,,,,,,,,
ctx262144-seq16-match_context,startup_service_exit,262144,16,262144,match_context,extreme,,4.194304,176.552,,,65.795,8.633,64.166,72.799,72.4,178,False,,,,,,,,,,
ctx262144-seq16-small,startup_only,262144,16,8192,small,extreme,risk_guard(extreme),4.194304,176.447,4494928,17.15,82.721,8.696,81.812,90.508,72.9,185,False,4.091,10.891,,,,,,,,
ctx196608-seq24-match_context,startup_service_exit,196608,24,196608,match_context,extreme,,4.718592,166.396,,,55.538,8.73,51.507,60.237,74.0,168,False,,,,,,,,,,
ctx196608-seq24-small,startup_only,196608,24,8192,small,extreme,risk_guard(extreme)+capacity_guard,4.718592,181.419,4118228,20.95,81.806,8.736,81.729,90.465,70.0,190,False,4.024,10.846,,,,,,,,
ctx196608-seq32-match_context,startup_service_exit,196608,32,196608,match_context,extreme,,6.291456,166.201,,,47.302,8.593,54.03,62.623,67.3,168,False,,,,,,,,,,
ctx196608-seq32-small,startup_only,196608,32,8192,small,extreme,risk_guard(extreme)+capacity_guard,6.291456,181.305,4134059,21.03,81.624,8.782,81.866,90.648,69.6,190,False,4.005,10.853,,,,,,,,
ctx262144-seq24-match_context,startup_service_exit,262144,24,262144,match_context,extreme,,6.291456,176.462,,,65.861,8.594,61.821,70.415,72.6,178,False,,,,,,,,,,
ctx262144-seq24-small,startup_only,262144,24,8192,small,extreme,risk_guard(extreme)+capacity_guard,6.291456,183.02,4484397,17.11,82.765,8.721,81.902,90.623,73.0,191,False,4.182,10.981,,,,,,,,
ctx262144-seq32-match_context,startup_service_exit,262144,32,262144,match_context,extreme,,8.388608,176.262,,,65.826,8.673,64.262,72.935,70.4,178,False,,,,,,,,,,
ctx262144-seq32-small,startup_only,262144,32,8192,small,extreme,risk_guard(extreme)+capacity_guard,8.388608,181.7,4477794,17.08,80.931,8.791,81.784,90.575,72.9,190,False,4.051,10.88,,,,,,,,
